{
  "teste_local_static": {
    "remote": false,
    "api": false,
    "url": "web/views/components/teste_local_static.html"
  },
  "teste_local_api": {
    "remote": false,
    "api": true,
    "url": "example/a_method"
  },
  "teste_remote_static": {
    "remote": true,
    "api": false,
    "url": "http://emeraldframework.herokuapp.com/component/static/example.html"
  },
  "teste_remote_api": {
    "remote": true,
    "api": true,
    "url": "http://REPLACE_WITH_API_ENDPOINT",
    "token": "API_ACCESS_TOKEN",
    "username": "API_USERNAME",
    "password": "API_PASSWORD"
  }
}